ID,Work Item Type,State,Title,Feed Url
"17846918","Intelligence Feed","Closed","ASEC BLOG","https://asec.ahnlab.com/en/feed/"
"17953329","Intelligence Feed","Requested","Cyber Wire","https://thecyberwire.com/feeds/rss.xml"
"18109849","Intelligence Feed","Requested","ASEC Blog - AhnLab","https://asec.ahnlab.com/en/feed/"
"18109781","Intelligence Feed","Requested","Elastic Security Labs","https://www.elastic.co/security-labs/rss/feed.xml"
"12688340","Intelligence Feed","Requested","AT&T Alien Labs","https://cybersecurity.att.com/site/blog-all-rss?format=xml"
"439666","Intelligence Feed","Requested","Proofpoint","https://www.proofpoint.com/us/rss.xml"
"13438896","Intelligence Feed","Requested","Avast Threat Labs","https://decoded.avast.io/feed/"
"17953386","Intelligence Feed","Requested","WeLiveSecurity","https://www.welivesecurity.com/en/rss/feed/"
"17983928","Intelligence Feed","Requested","Naked Security - Sophos","https://feeds.feedburner.com/NakedSecurity?format=xml"
"17983929","Intelligence Feed","Requested","Positive Technologies","https://feeds.feedburner.com/positiveTechnologiesResearchLab?format=xml"
"17981421","Intelligence Feed","Requested","Sucuri Blog","https://blog.sucuri.net/feed"
"17983930","Intelligence Feed","Requested","Trend Micro Research","https://feeds.feedburner.com/TrendMicroSimplySecurity"
"17983927","Intelligence Feed","Requested","Deutsche Telekom","https://www.telekom.com/service/rss/1714/feed.rss"
"17975948","Intelligence Feed","Requested","360 Netlab Blog","https://blog.netlab.360.com/rss/"
"17981424","Intelligence Feed","Requested","CS Hub Malware","https://www.cshub.com/rss/categories/malware"
"17981423","Intelligence Feed","Requested","Microsoft Security Blog","https://www.microsoft.com/security/blog/feed/"
"17981422","Intelligence Feed","Requested","Palo Alto Unit 42","https://unit42.paloaltonetworks.com/feed/"
"17953331","Intelligence Feed","Requested","Crowdstrike","https://www.crowdstrike.com/blog/feed"
"17953328","Intelligence Feed","Requested","Cyber Security Hub (Malware)","https://www.cshub.com/rss/categories/malware"
"17953327","Intelligence Feed","Requested","Cyber Security Hub (Attacks)","https://www.cshub.com/rss/categories/attacks"
"17953384","Intelligence Feed","Requested","Symantec/Broadcom","https://sed-cms.broadcom.com/rss/v1/blogs/rss.xml/221"
"17953377","Intelligence Feed","Requested","Security Risk Advisors","https://sra.io/blog/category/tigr/feed/"
"17953374","Intelligence Feed","Requested","SecureList","https://securelist.com/feed/"
"17953368","Intelligence Feed","Requested","Dr. Web","https://news.drweb.com/rss/get/?c=23"
"17953355","Intelligence Feed","Requested","Mandiant","https://www.mandiant.com/resources/blog/rss.xml"
"17953351","Intelligence Feed","Requested","Infoblox","https://blogs.infoblox.com/feed/"
"17953350","Intelligence Feed","Requested","Human Security","https://www.humansecurity.com/learn/blog/rss.xml"
"17953345","Intelligence Feed","Requested","GB Hackers","https://gbhackers.com/feed"
"17953341","Intelligence Feed","Requested","IC3 Industry Alerts","https://www.ic3.gov/rssIndustry.xml"
"17953333","Intelligence Feed","Requested","DFIR Report","https://thedfirreport.com/feed/"
"17953332","Intelligence Feed","Requested","Dark Reading","https://www.darkreading.com/rss.xml"
"17953326","Intelligence Feed","Requested","Bank Info Security","https://www.bankinfosecurity.com/rss-feeds"
"17949936","Intelligence Feed","Requested","Akamai Security Intelligence and Threat Research","https://feeds.feedburner.com/akamai/sitr"
"17846922","Intelligence Feed","Requested","Sucuri Blog","https://blog.sucuri.net/feed"
"17846941","Intelligence Feed","Requested","FireEye Threat Research","https://www.fireeye.com/blog/threat-research/_jcr_content.feed"
"17846926","Intelligence Feed","Requested","Fortinet Blog | Latest Posts","https://feeds.fortinet.com/fortinet/blog/threat-research&x=1"
"388470","Intelligence Feed","Requested","Cyberscoop","https://www.cyberscoop.com/feed/"
"17846945","Intelligence Feed","Rejected","Secureworks","https://www.secureworks.com/rss?feed=research"
"17846946","Intelligence Feed","Requested","Team Cymru","https://www.team-cymru.com/blog-feed.xml"
"17846947","Intelligence Feed","Requested","Telekom Technik GmbH","https://www.telekom.com/service/rss/1714/feed.rss"
"17846948","Intelligence Feed","Requested","SpiderLabs Blog","https://www.trustwave.com/en-us/rss/spiderlabs-blog/"
"17846949","Intelligence Feed","Requested","Aktuelle Meldungen","https://www.verfassungsschutz.de/SiteGlobals/Functions/RSSNewsFeed/AlleMeldungen.xml"
"17849133","Intelligence Feed","Requested","Sophos (Threat Research)","https://news.sophos.com/en-us/category/threat-research/feed/"
"17846917","Intelligence Feed","Requested","API Security News","https://apisecurity.io/feed/index.xml"
"9318701","Intelligence Feed","Requested","ThreatPost","https://threatpost.com/feed/"
"17846919","Intelligence Feed","Requested","360 Netlab Blog - Network Security Research Lab at 360","https://blog.netlab.360.com/rss/"
"17846920","Intelligence Feed","Requested","Stories by Prevailion on Medium","https://blog.prevailion.com/feed/"
"17846921","Intelligence Feed","Requested","ReversingLabs Blog","https://blog.reversinglabs.com/blog/rss.xml"
"17846927","Intelligence Feed","Requested","G Data SecurityBlog (english)","https://feeds.feedburner.com/GDataSecurityblogenglish?format=xml"
"17846928","Intelligence Feed","Requested","GitHub Security Lab | Research","https://feeds.feedburner.com/GithubSecurityLab?format=xml"
"17846929","Intelligence Feed","Requested","Blog Group-IB","https://feeds.feedburner.com/group-ib/gZDC?format=xml"
"17846930","Intelligence Feed","Requested","lab52","https://feeds.feedburner.com/Lab52?format=xml"
"17846931","Intelligence Feed","Requested","Lacework","https://feeds.feedburner.com/lacework/MdQf?format=xml"
"17846932","Intelligence Feed","Requested","NCC Group Research Blog","https://feeds.feedburner.com/NccGroupResearch?format=xml"
"17846934","Intelligence Feed","Requested","research - Yoroi","https://feeds.feedburner.com/Research-Yoroi?format=xml"
"17846935","Intelligence Feed","Requested","SophosLabs Uncut – Sophos News","https://feeds.feedburner.com/SophoslabsUncutSophosNews?format=xml"
"17846936","Intelligence Feed","Requested","Telsy","https://feeds.feedburner.com/Telsy?format=xml"
"17846937","Intelligence Feed","Requested","ThreatConnect","https://feeds.feedburner.com/threatconnect/Dhya?format=xml"
"17846939","Intelligence Feed","Requested","The Red Canary Blog: Information Security Insights","https://redcanary.com/blog/feed/"
"17846940","Intelligence Feed","Requested","Elastic Blog - Elasticsearch, Kibana, and ELK Stack","https://www.elastic.co/blog/feed"
"17846942","Intelligence Feed","Requested","McAfee Labs | McAfee Blogs","https://www.mcafee.com/blogs/other-blogs/mcafee-labs/feed/"
"17846943","Intelligence Feed","Requested","Positive Technologies","https://www.ptsecurity.com/ww-en/rss/analytics/"
"17846944","Intelligence Feed","Requested","Recorded Future","https://www.recordedfuture.com/feed/"
"17846923","Intelligence Feed","Requested","Automation - Microsoft Dynamics 365 Blog","https://cloudblogs.microsoft.com/dynamics365/bdm/topic/automation/feed/"
"17846924","Intelligence Feed","Requested","Cado Security | Cloud Forensics & Incident Response","https://feeds.feedburner.com/CadoSecurity?format=xml"
"17846925","Intelligence Feed","Requested","Epic Turla - The Lost Reports","https://feeds.feedburner.com/EpicTurla-TheLostReports?format=xml"
"15674323","Intelligence Feed","Requested","IBM X-Force Threat Research","https://securityintelligence.com/category/x-force/feed/"
"15703720","Intelligence Feed","Requested","CERT-UA","https://cert.gov.ua/api/articles/rss"
"11462363","Intelligence Feed","Requested","F5 Labs Threats","https://www.f5.com/labs/rss-feeds/threats.xml"
"11771623","Intelligence Feed","Requested","SentinelLabs","https://labs.sentinelone.com/feed/"
"11873768","Intelligence Feed","Requested","Morphisec","https://blog.morphisec.com/rss.xml"
"11918584","Intelligence Feed","Requested","NCSC UK - Weekly Threat Report","https://www.ncsc.gov.uk/api/1/services/v1/report-rss-feed.xml"
"391542","Intelligence Feed","Requested","Specter Ops","https://posts.specterops.io/feed"
"115630","Intelligence Feed","Requested","Palo Alto Networks","http://feeds.feedburner.com/PaloAltoNetworks?format=xml"
"115631","Intelligence Feed","Requested","Mcafee Securing Tomorrow","https://www.mcafee.com/blogs/feed"
"115632","Intelligence Feed","Requested","Sophos (Security Operations)","https://news.sophos.com/en-us/category/security-operations/feed/"
"115636","Intelligence Feed","Requested","Kaspersky Blog","https://usa.kaspersky.com/blog/feed/"
"115638","Intelligence Feed","Requested","Malware Traffic Analysis","https://www.malware-traffic-analysis.net/blog-entries.rss"
"115639","Intelligence Feed","Requested","Trend Micro","http://feeds.trendmicro.com/TrendMicroResearch"
"115640","Intelligence Feed","Requested","Cisco Talos Threat Research","http://feeds.feedburner.com/feedburner/Talos?format=xml"
"115641","Intelligence Feed","Requested","JPCERT/CC Blog","https://blogs.jpcert.or.jp/en/atom.xml"
"115642","Intelligence Feed","Requested","US-CERT Alerts","https://www.us-cert.gov/ncas/alerts.xml"
"115646","Intelligence Feed","Requested","ClearSky CyberSecurity","http://feeds.feedburner.com/ClearskyCybersecurity"
"115647","Intelligence Feed","Requested","Netscout Asert","https://www.netscout.com/rss.xml"
"115648","Intelligence Feed","Requested","Nettitude Labs","http://feeds.feedburner.com/NettitudeLabs"
"115650","Intelligence Feed","Requested","Forcepoint","http://feeds.feedburner.com/forcepoint/YTuM"
"115651","Intelligence Feed","Requested","SentinelOne","http://feeds.feedburner.com/sentinelone/NsCe"
"115652","Intelligence Feed","Requested","Malwarebytes Blog","https://blog.malwarebytes.com/feed/"
"115653","Intelligence Feed","Requested","TrendMicro Security News","http://feeds.feedburner.com/TrendmicroSecurityNews"
"115654","Intelligence Feed","Requested","Bleeping Computer","https://www.bleepingcomputer.com/feed/"
"115657","Intelligence Feed","Requested","Crowd Strike","https://www.crowdstrike.com/blog/feed"
"115660","Intelligence Feed","Requested","Volexity","https://www.volexity.com/blog/feed/"
"115661","Intelligence Feed","Requested","BAE SYSTEMS THREAT RESEARCH","http://baesystemsai.blogspot.com/feeds/posts/default?alt=rss"
"159160","Intelligence Feed","Requested","Kaspersky SecureList","https://securelist.com/feed/"
"159253","Intelligence Feed","Requested","Dragos Inc","https://dragos.com/feed"
"170191","Intelligence Feed","Requested","VirusBulletin","https://www.virusbulletin.com/rss"
"180468","Intelligence Feed","Requested","Intezer","https://www.intezer.com/feed/"
"181394","Intelligence Feed","Requested","US-CERT Malware Analysis","https://www.us-cert.gov/ncas/analysis-reports.xml"
"308549","Intelligence Feed","Requested","CERT Poland","https://www.cert.pl/en/feed/"
"369127","Intelligence Feed","Requested","Check Point Research","https://research.checkpoint.com/feed/"
"385976","Intelligence Feed","Requested","SANS Handler Diaries","https://isc.sans.edu/rssfeed.xml"
"386585","Intelligence Feed","Requested","Cyren","https://www.cyren.com/feed"
"748665","Intelligence Feed","Requested","Objective-see","https://objective-see.com/rss.xml"
"2756265","Intelligence Feed","Requested","Avira Research Articles","https://www.avira.com/en/blog/technology-insights/security-research/feed"
"3369139","Intelligence Feed","Requested","Proofpoint Threat Insight","https://www.proofpoint.com/us/threat-insight-blog.xml"
"5363414","Intelligence Feed","Requested","Check Point Blog","https://blog.checkpoint.com/feed/"
"5574168","Intelligence Feed","Requested","Cofense Blog","https://cofense.com/feed/"
"6565733","Intelligence Feed","Requested","CISA Advisories","https://us-cert.cisa.gov/ics/advisories/advisories.xml"
"6565788","Intelligence Feed","Requested","CISA Analysis Reports","https://us-cert.cisa.gov/ncas/analysis-reports.xml"
"6859186","Intelligence Feed","Requested","Google Threat Analysis Group (TAG)","https://blog.google/threat-analysis-group/rss/"
"8919214","Intelligence Feed","Requested","Cybereason Blog","https://www.cybereason.com/blog/rss.xml"
"638611","Intelligence Feed","Closed","ZScaler","https://www.zscaler.com/blogs/feeds"
"115655","Intelligence Feed","Closed","Threatpost","https://threatpost.com/feed/"
"13187979","Intelligence Feed","Closed","The Hacker News","https://feeds.feedburner.com/TheHackersNews?format=xml"
"11918587","Intelligence Feed","Closed","Canadian Centre for Cyber Security","https://www.cyber.gc.ca/webservice/en/rss/alerts"